{"errors": [0.0, 0.05, 0.1, 0.15000000000000002, 0.2, 0.25, 0.30000000000000004, 0.35000000000000003, 0.4, 0.45, 0.5], "fidelities": [0.9603774369401173, 0.8663125164172214, 0.7792445243913609, 0.6920498031563425, 0.616366690916327, 0.5490789185748054, 0.4830853878153052, 0.42109922193295035, 0.3713849872591831, 0.3426714191535849, 0.3071713206852249], "postselectRates": [0.93475, 0.765, 0.623775, 0.510725, 0.417025, 0.341275, 0.2801, 0.2332, 0.193475, 0.162425, 0.139425]}