{"errors": [0.0, 0.05, 0.1, 0.15000000000000002, 0.2, 0.25, 0.30000000000000004, 0.35000000000000003, 0.4, 0.45, 0.5], "fidelities": [0.9569923793903943, 0.8621488721817789, 0.7796428803171052, 0.6927490845434807, 0.6134581163675121, 0.5362631002346036, 0.48823158448751186, 0.4223892062821689, 0.37940251398314845, 0.3502806077490767, 0.312880002618912], "postselectRates": [0.9363, 0.76255, 0.62415, 0.5108, 0.41705, 0.34425, 0.2811, 0.23355, 0.1946, 0.1609, 0.13465]}