{"errors": [0.0, 0.05, 0.1, 0.15000000000000002, 0.2, 0.25, 0.30000000000000004, 0.35000000000000003, 0.4, 0.45, 0.5], "fidelities": [0.9399170436661941, 0.8858979019290197, 0.8268138931337826, 0.7628595834345322, 0.7002184243277826, 0.6222006478341708, 0.5472879721339325, 0.48660081401751226, 0.4227943309878307, 0.3900308327040644, 0.3340193122322633], "postselectRates": [0.883675, 0.59555, 0.39645, 0.26005, 0.176925, 0.118225, 0.076575, 0.053625, 0.035, 0.0255, 0.0184]}