{"errors": [0.0, 0.05, 0.1, 0.15000000000000002, 0.2, 0.25, 0.30000000000000004, 0.35000000000000003, 0.4, 0.45, 0.5], "fidelities": [0.979793963684672, 0.9766713536731391, 0.9709328136251701, 0.9571176539511423, 0.9406856709194088, 0.917745237362447, 0.8709485920655905, 0.8216013540733123, 0.7605130658902216, 0.6849915960916401, 0.577408377860531], "postselectRates": [0.80664, 0.47302, 0.27521, 0.15652, 0.08856, 0.04947, 0.02736, 0.01449, 0.00831, 0.0044, 0.0026]}