{"errors": [0.0, 0.05, 0.1, 0.15000000000000002, 0.2, 0.25, 0.30000000000000004, 0.35000000000000003, 0.4, 0.45, 0.5], "fidelities": [0.9699935173327063, 0.9410870017625491, 0.9100876796932484, 0.8726160369149866, 0.8292116559520506, 0.7821560803953682, 0.7324542305024879, 0.678815182290561, 0.6128748221747022, 0.5590914861528803, 0.5008063198412593], "postselectRates": [0.94526, 0.77417, 0.6345, 0.51837, 0.42187, 0.34538, 0.28442, 0.23447, 0.19167, 0.16169, 0.13538]}