{"errors": [0.0, 0.05, 0.1, 0.15000000000000002, 0.2, 0.25, 0.30000000000000004, 0.35000000000000003, 0.4, 0.45, 0.5], "fidelities": [0.9429949131564176, 0.8920149700456592, 0.8340637684182629, 0.770888595841184, 0.7038384230119059, 0.6375566333473767, 0.5687336176915739, 0.5024407469233608, 0.45414593008123794, 0.38023832329139756, 0.35597642955585096], "postselectRates": [0.88437, 0.59313, 0.39541, 0.2655, 0.17614, 0.1188, 0.07988, 0.05439, 0.03731, 0.02628, 0.01834]}