{"errors": [0.0, 0.05, 0.1, 0.15000000000000002, 0.2, 0.25, 0.30000000000000004, 0.35000000000000003, 0.4, 0.45, 0.5], "fidelities": [0.9627289976807764, 0.8685274673465968, 0.7777238926223026, 0.6944812626216971, 0.6166627981705731, 0.5411060025349264, 0.4832662984482122, 0.43077732539868374, 0.37884840644947676, 0.34814876071633305, 0.3134038384137179], "postselectRates": [0.9376, 0.764075, 0.62825, 0.513125, 0.419825, 0.3395, 0.2791, 0.2323, 0.1884, 0.160125, 0.134125]}