{"errors": [0.0, 0.05, 0.1, 0.15000000000000002, 0.2, 0.25, 0.30000000000000004, 0.35000000000000003, 0.4, 0.45, 0.5], "fidelities": [0.9522984047426117, 0.8614436978482187, 0.7715231112093601, 0.6881010733453307, 0.617868677821939, 0.538766345624753, 0.47656534043353027, 0.4284552198990003, 0.37460193467767794, 0.32944313023397037, 0.3103904789031462], "postselectRates": [0.943375, 0.77215, 0.632475, 0.51695, 0.424175, 0.34355, 0.283875, 0.232, 0.195025, 0.161325, 0.13645]}