{"errors": [0.0, 0.05, 0.1, 0.15000000000000002, 0.2, 0.25, 0.30000000000000004, 0.35000000000000003, 0.4, 0.45, 0.5], "fidelities": [0.9796288151137905, 0.9756856165075337, 0.9664327972855202, 0.9506572579610129, 0.9275389098642904, 0.8914747576920711, 0.8534342175698729, 0.7863823379011156, 0.7263805289296001, 0.6341247406784798, 0.5735878288218488], "postselectRates": [0.86999, 0.59565, 0.40226, 0.27311, 0.1844, 0.12473, 0.08222, 0.05643, 0.03793, 0.02591, 0.01788]}