{"errors": [0.0, 0.05, 0.1, 0.15000000000000002, 0.2, 0.25, 0.30000000000000004, 0.35000000000000003, 0.4, 0.45, 0.5], "fidelities": [0.9888499999999999, 0.9166, 0.8482000000000001, 0.7807, 0.72065, 0.66375, 0.61365, 0.56225, 0.5157499999999999, 0.47245000000000004, 0.42995]}