{"errors": [0.0, 0.05, 0.1, 0.15000000000000002, 0.2, 0.25, 0.30000000000000004, 0.35000000000000003, 0.4, 0.45, 0.5], "fidelities": [0.97255, 0.8320000000000001, 0.7239, 0.6231, 0.5464500000000001, 0.47065, 0.42595, 0.38149999999999995, 0.34925, 0.3062000000000001, 0.29665]}